ts,date,source,slot,code,name,price,pct,score,vol_ratio,breakout,strong_vol,near_low,rise_from_low,streak,alerts,news_verdict,news_net,news_n_relevant,news_top,news_top_rumor,ret_5d,ret_20d,idx_5d,idx_20d,excess_5d,excess_20d
2026-09-30T19:09:45+08:00,2026-09-30,market,close,2025,千興,14.65,9.74,3,9.68,1,1,1,12.7,5,,confirmed_positive,0.4468,2,8月賺瘋EPS狂飆508％！「不鏽鋼管廠」爽吃半導體大餅、5天大漲47％ 連拉3根衝出36.7元,0,,,,,,
2026-09-30T19:09:45+08:00,2026-09-30,market,close,3673,TPK-KY,75.50,9.90,3,9.35,1,1,1,11.7,3,,rumor_only,0.2189,3,〈焦點股〉輝達傳攜手台鏈衝刺玻璃基板 TPK-KY攻漲停,1,,,,,,
2026-09-30T19:09:45+08:00,2026-09-30,market,close,2020,美亞,26.70,9.88,3,9.33,1,1,1,13.8,5,,neutral,0.0489,2,【11:14 即時新聞】美亞(2020)股價走強，鋼管獲利改善成盤中焦點,0,,,,,,
2026-09-30T19:09:45+08:00,2026-09-30,market,close,3576,聯合再生,19.70,9.75,3,7.5,1,1,1,11.8,1,,confirmed_positive,1.5362,5,聯合再生太陽能系統事業擴張目標持有500MW電站資產- 新聞,0,,,,,,
2026-09-30T19:09:45+08:00,2026-09-30,market,close,2850,新產,163.00,1.24,3,6.06,1,1,1,3.5,2,,none,0.0000,0,,0,,,,,,
2026-09-30T19:09:45+08:00,2026-09-30,market,close,6120,達運,14.35,9.96,3,5.52,1,1,1,11.1,2,,neutral,0.0294,1,【09:11 即時新聞】達運(6120)股價大漲近一成，市場聚焦獲利轉強題材,0,,,,,,
2026-09-30T19:09:45+08:00,2026-09-30,market,close,3592,瑞鼎,237.50,5.56,3,4.94,1,1,1,3.0,3,,none,0.0000,0,,0,,,,,,
2026-09-30T19:09:45+08:00,2026-09-30,market,close,6691,洋基工程,719.00,9.94,3,4.64,1,1,1,8.5,1,,confirmed_positive,1.3576,7,洋基滿手單 營收衝高,0,,,,,,
2026-09-30T19:09:45+08:00,2026-09-30,market,close,3701,大眾控,45.90,9.94,3,4.3,1,1,1,7.6,2,,neutral,0.0073,3,【09:41 即時新聞】大眾控(3701)亮燈漲停，綠能與地熱智慧能源題材受關注,0,,,,,,
2026-09-30T19:09:45+08:00,2026-09-30,market,close,6116,彩晶,16.35,9.73,3,3.73,1,1,1,9.2,1,,neutral,0.0005,1,【10:51 即時新聞】彩晶(6116)急漲近一成，面板族群資金延續成盤中焦點,0,,,,,,
2026-09-30T19:09:45+08:00,2026-09-30,market,close,4739,康普,88.40,6.25,3,3.66,1,1,1,9.5,2,,unchecked,,,,,,,,,,
2026-09-30T19:09:45+08:00,2026-09-30,market,close,3149,正達,74.00,9.96,3,3.59,1,1,1,13.3,3,,unchecked,,,,,,,,,,
2026-09-30T19:09:45+08:00,2026-09-30,market,close,2323,中環,11.00,2.80,3,3.33,1,1,1,2.9,1,,unchecked,,,,,,,,,,
2026-09-30T19:09:45+08:00,2026-09-30,market,close,2014,中鴻,17.40,3.57,3,3.32,1,1,1,3.4,1,,unchecked,,,,,,,,,,
2026-09-30T19:09:45+08:00,2026-09-30,market,close,2010,春源,23.00,2.45,3,3.23,1,1,1,4.2,3,,unchecked,,,,,,,,,,
2026-09-30T19:09:45+08:00,2026-09-30,market,close,1708,東鹼,53.80,3.46,3,3.15,1,1,1,8.4,1,,unchecked,,,,,,,,,,
2026-09-30T19:09:45+08:00,2026-09-30,market,close,6165,浪凡,50.00,2.35,2,10.32,0,1,1,3.9,1,,unchecked,,,,,,,,,,
2026-09-30T19:09:45+08:00,2026-09-30,market,close,2340,台亞,40.80,7.37,2,9.44,1,1,0,22.0,4,,unchecked,,,,,,,,,,
2026-09-30T19:09:45+08:00,2026-09-30,market,close,1617,榮星,24.05,9.82,2,7.62,1,1,0,25.1,2,,unchecked,,,,,,,,,,
2026-09-30T19:09:45+08:00,2026-09-30,market,close,2032,新鋼,20.30,2.01,2,7.55,1,1,0,19.9,5,,unchecked,,,,,,,,,,
2026-09-30T19:09:45+08:00,2026-09-30,market,close,2034,允強,24.80,5.98,2,6.7,1,1,0,15.6,5,,unchecked,,,,,,,,,,
2026-09-30T19:09:45+08:00,2026-09-30,market,close,1809,中釉,47.85,6.33,2,5.93,1,1,0,25.0,1,,unchecked,,,,,,,,,,
2026-09-30T19:09:45+08:00,2026-09-30,market,close,2241,艾姆勒,46.15,4.89,2,5.83,1,1,0,31.9,2,,unchecked,,,,,,,,,,
2026-09-30T19:09:45+08:00,2026-09-30,market,close,3311,閎暉,41.05,7.60,2,5.78,1,1,0,20.9,3,,unchecked,,,,,,,,,,
2026-09-30T19:09:45+08:00,2026-09-30,market,close,6133,金橋,29.60,3.86,2,4.88,1,1,0,29.0,2,,unchecked,,,,,,,,,,
2026-09-30T19:09:45+08:00,2026-09-30,market,close,2349,錸德,10.70,2.88,2,3.83,0,1,1,3.0,2,,unchecked,,,,,,,,,,
2026-09-30T19:09:45+08:00,2026-09-30,market,close,2030,彰源,36.70,9.88,2,3.77,1,1,0,50.5,5,,unchecked,,,,,,,,,,
2026-09-30T19:09:45+08:00,2026-09-30,market,close,6533,晶心科,333.50,9.88,2,3.75,1,1,0,35.2,3,,unchecked,,,,,,,,,,
2026-09-30T19:09:45+08:00,2026-09-30,market,close,3094,聯傑,61.60,3.18,2,3.59,1,1,0,47.4,2,,unchecked,,,,,,,,,,
2026-09-30T19:09:45+08:00,2026-09-30,market,close,2002,中鋼,19.20,2.13,2,3.55,0,1,1,0.8,2,,unchecked,,,,,,,,,,
2026-09-30T19:09:45+08:00,2026-09-30,market,close,2406,國碩,31.45,3.80,2,3.49,1,1,0,17.2,1,,unchecked,,,,,,,,,,
2026-09-30T19:09:45+08:00,2026-09-30,market,close,7822,倍利科,998.00,2.25,2,3.02,1,1,0,22.0,5,,unchecked,,,,,,,,,,
2026-09-30T19:09:45+08:00,2026-09-30,market,close,4906,正文,42.30,5.22,2,2.79,1,0,1,14.5,2,,unchecked,,,,,,,,,,
2026-09-30T19:09:45+08:00,2026-09-30,market,close,3060,銘異,28.10,2.37,2,2.77,1,0,1,7.6,3,,unchecked,,,,,,,,,,
2026-09-30T19:09:45+08:00,2026-09-30,market,close,8105,凌巨,16.35,9.73,2,2.76,1,0,1,5.3,2,,unchecked,,,,,,,,,,
2026-09-30T19:09:45+08:00,2026-09-30,market,close,2483,百容,35.75,10.00,2,2.75,1,0,1,8.0,1,,unchecked,,,,,,,,,,
2026-09-30T19:09:45+08:00,2026-09-30,market,close,2371,大同,30.45,3.75,2,2.67,1,0,1,6.9,2,,unchecked,,,,,,,,,,
2026-09-30T19:09:45+08:00,2026-09-30,market,close,2527,宏璟,50.00,3.41,2,2.6,1,0,1,13.8,2,,unchecked,,,,,,,,,,
2026-09-30T19:09:45+08:00,2026-09-30,market,close,4526,東台,34.05,5.91,2,2.59,1,0,1,7.9,3,,unchecked,,,,,,,,,,
2026-09-30T19:09:45+08:00,2026-09-30,market,close,3481,群創,54.70,9.95,2,2.51,1,0,1,6.3,2,,unchecked,,,,,,,,,,
2026-09-30T19:09:45+08:00,2026-09-30,market,close,4968,立積,96.60,4.09,2,2.41,1,0,1,5.5,3,,unchecked,,,,,,,,,,
2026-09-30T19:09:45+08:00,2026-09-30,market,close,3533,嘉澤,1770.00,3.51,2,2.33,1,0,1,13.2,2,,unchecked,,,,,,,,,,
2026-09-30T19:09:45+08:00,2026-09-30,market,close,1310,台苯,9.25,3.93,2,2.13,1,0,1,5.3,1,,unchecked,,,,,,,,,,
2026-10-02T15:10:58+08:00,2026-10-02,market,close,3025,星通,55.40,4.73,3,9.63,1,1,1,5.2,2,,none,0.0000,0,,0,,,,,,,通信網路
2026-10-02T15:10:58+08:00,2026-10-02,market,close,3588,通嘉,58.20,7.98,3,9.45,1,1,1,6.5,4,,none,0.0000,0,,0,,,,,,,半導體
2026-10-02T15:10:58+08:00,2026-10-02,market,close,9933,中鼎,45.80,12.53,3,9.1,1,1,1,4.1,2,,rumor_driven,0.2591,2,個股：AI基建需求暢旺，中鼎營收力拚逐季走高，今股價亮燈站近兩年高點,1,,,,,,,其他
2026-10-02T15:10:58+08:00,2026-10-02,market,close,4720,德淵,20.95,8.55,3,7.66,1,1,1,7.8,3,,neutral,-0.0026,1,討論牆 | 盤中速報 - 德淵(4720)大跌7.17%，報25.9元,0,,,,,,,化學
2026-10-02T15:10:58+08:00,2026-10-02,market,close,4722,國精化,230.00,20.73,3,5.81,1,1,1,4.1,3,,confirmed_positive,0.6571,4,焦點股：透過安南廠量產、先進封裝實驗室落地，國精化帶量挑戰半年線壓力,0,,,,,,,化學
2026-10-02T15:10:58+08:00,2026-10-02,market,close,4755,三福化,122.00,3.39,3,5.38,1,1,1,6.3,1,,none,0.0000,0,,0,,,,,,,化學
2026-10-02T15:10:58+08:00,2026-10-02,market,close,4927,泰鼎-KY,48.15,8.20,3,4.47,1,1,1,11.1,3,,neutral,0.0166,1,【09:43 即時新聞】泰鼎-KY(4927)攻上漲停，市場聚焦營收回溫與籌碼轉強,0,,,,,,,電子零組件
2026-10-02T15:10:58+08:00,2026-10-02,market,close,6202,盛群,63.20,7.85,3,4.37,1,1,1,9.1,3,,rumor_driven,0.0486,3,焦點股：安防與BLDC MCU出貨加速，盛群(6202)箱型整理區間待突破,1,,,,,,,半導體
2026-10-02T15:10:58+08:00,2026-10-02,market,close,1708,東鹼,56.20,4.46,3,4.07,1,1,1,12.2,2,,none,0.0000,0,,0,,,,,,,化學
2026-10-02T15:10:58+08:00,2026-10-02,market,close,3030,德律,300.00,7.53,3,4.07,1,1,1,7.9,4,,confirmed_positive,1.2433,6,德律9月營收年增54%，伺服器/半導體需求續強- 新聞,0,,,,,,,其他電子
2026-10-02T15:10:58+08:00,2026-10-02,market,close,3013,晟銘電,92.70,6.80,3,3.96,1,1,1,6.5,2,,unchecked,,,,,,,,,,,電腦週邊
2026-10-02T15:10:58+08:00,2026-10-02,market,close,4968,立積,101.50,5.07,3,3.83,1,1,1,9.8,4,,unchecked,,,,,,,,,,,半導體
2026-10-02T15:10:58+08:00,2026-10-02,market,close,4766,南寶,353.00,3.67,3,3.63,1,1,1,2.3,1,,unchecked,,,,,,,,,,,化學
2026-10-02T15:10:58+08:00,2026-10-02,market,close,1313,聯成,12.65,2.85,3,3.17,1,1,1,4.7,2,,unchecked,,,,,,,,,,,塑膠
2026-10-02T15:10:58+08:00,2026-10-02,market,close,5285,界霖,99.00,9.88,3,3.13,1,1,1,10.6,1,,unchecked,,,,,,,,,,,半導體
2026-10-02T15:10:58+08:00,2026-10-02,market,close,6155,鈞寶,72.50,14.53,2,10.72,1,1,0,17.7,1,,unchecked,,,,,,,,,,,電子零組件
2026-10-02T15:10:58+08:00,2026-10-02,market,close,3701,大眾控,55.40,20.70,2,8.02,1,1,0,18.3,3,,unchecked,,,,,,,,,,,電腦週邊
2026-10-02T15:10:58+08:00,2026-10-02,market,close,2340,台亞,45.75,12.13,2,7.98,1,1,0,31.0,5,,unchecked,,,,,,,,,,,半導體
2026-10-02T15:10:58+08:00,2026-10-02,market,close,4919,新唐,163.00,17.69,2,6.71,1,1,0,24.8,2,,unchecked,,,,,,,,,,,半導體
2026-10-02T15:10:58+08:00,2026-10-02,market,close,6120,達運,15.25,6.27,2,5.44,1,1,0,22.1,3,,unchecked,,,,,,,,,,,光電
2026-10-02T15:10:58+08:00,2026-10-02,market,close,3673,TPK-KY,80.60,6.75,2,5.19,1,1,0,22.8,4,,unchecked,,,,,,,,,,,光電
2026-10-02T15:10:58+08:00,2026-10-02,market,close,2484,希華,86.50,10.90,2,5.06,1,1,0,16.9,3,,unchecked,,,,,,,,,,,電子零組件
2026-10-02T15:10:58+08:00,2026-10-02,market,close,2483,百容,37.00,3.50,2,4.96,1,1,0,18.8,2,,unchecked,,,,,,,,,,,電子零組件
2026-10-02T15:10:58+08:00,2026-10-02,market,close,3048,益登,53.70,3.87,2,4.74,0,1,1,4.7,2,,unchecked,,,,,,,,,,,電子通路
2026-10-02T15:10:58+08:00,2026-10-02,market,close,3149,正達,77.30,4.46,2,4.16,1,1,0,24.6,4,,unchecked,,,,,,,,,,,光電
2026-10-02T15:10:58+08:00,2026-10-02,market,close,3031,佰鴻,32.80,6.49,2,4.05,1,1,0,33.9,1,,unchecked,,,,,,,,,,,光電
2026-10-02T15:10:58+08:00,2026-10-02,market,close,2444,兆勁,16.50,3.77,2,3.99,1,1,0,47.2,3,,unchecked,,,,,,,,,,,通信網路
2026-10-02T15:10:58+08:00,2026-10-02,market,close,6994,富威電力,32.05,20.94,2,3.63,0,1,1,1.5,1,,unchecked,,,,,,,,,,,綠能環保
2026-10-02T15:10:58+08:00,2026-10-02,market,close,1711,永光,43.00,5.13,2,3.59,0,1,1,7.8,3,,unchecked,,,,,,,,,,,化學
2026-10-02T15:10:58+08:00,2026-10-02,market,close,7768,頌勝科技,313.00,4.51,2,3.56,1,1,0,18.6,1,,unchecked,,,,,,,,,,,半導體
2026-10-02T15:10:58+08:00,2026-10-02,market,close,1727,中華化,123.00,12.84,2,3.29,1,1,0,23.6,1,,unchecked,,,,,,,,,,,化學
2026-10-02T15:10:58+08:00,2026-10-02,market,close,2355,敬鵬,43.30,3.59,2,3.13,0,1,1,3.5,2,,unchecked,,,,,,,,,,,電子零組件
2026-10-02T15:10:58+08:00,2026-10-02,market,close,2327,國巨*,626.00,14.23,2,2.89,1,0,1,7.2,1,,unchecked,,,,,,,,,,,電子零組件
2026-10-02T15:10:58+08:00,2026-10-02,market,close,4551,智伸科,186.00,6.59,2,2.84,1,0,1,13.7,1,,unchecked,,,,,,,,,,,汽車
2026-10-02T15:10:58+08:00,2026-10-02,market,close,6239,力成,308.00,6.39,2,2.54,1,0,1,8.0,2,,unchecked,,,,,,,,,,,半導體
2026-10-02T15:10:58+08:00,2026-10-02,market,close,1310,台苯,9.61,3.89,2,2.47,1,0,1,9.5,2,,unchecked,,,,,,,,,,,塑膠
2026-10-02T15:10:58+08:00,2026-10-02,market,close,2401,凌陽,27.30,2.06,2,2.38,1,0,1,12.6,3,,unchecked,,,,,,,,,,,半導體
2026-10-02T15:10:58+08:00,2026-10-02,market,close,2367,燿華,45.15,3.67,2,2.31,1,0,1,10.1,3,,unchecked,,,,,,,,,,,電子零組件
2026-10-02T15:10:58+08:00,2026-10-02,market,close,4958,臻鼎-KY,561.00,10.65,2,2.24,1,0,1,9.5,4,,unchecked,,,,,,,,,,,電子零組件
2026-10-02T15:10:58+08:00,2026-10-02,market,close,7827,漢康-KY創,167.00,1.21,2,2.22,1,0,1,11.1,3,,unchecked,,,,,,,,,,,生技醫療
2026-10-02T15:10:58+08:00,2026-10-02,market,close,8261,富鼎,186.50,5.97,2,2.21,1,0,1,8.6,1,,unchecked,,,,,,,,,,,半導體
2026-10-02T15:10:58+08:00,2026-10-02,market,close,2492,華新科,361.50,20.70,2,2.09,1,0,1,10.3,1,,unchecked,,,,,,,,,,,電子零組件
2026-10-02T15:10:58+08:00,2026-10-02,market,close,2472,立隆電,229.00,7.26,2,2.07,1,0,1,3.1,2,,unchecked,,,,,,,,,,,電子零組件
