ts,date,source,slot,code,name,price,pct,score,vol_ratio,breakout,strong_vol,near_low,rise_from_low,streak,alerts,news_verdict,news_net,news_n_relevant,news_top,news_top_rumor,ret_5d,ret_20d,idx_5d,idx_20d,excess_5d,excess_20d,industry,sub_industry,concepts
2026-10-06T01:25:11+08:00,2026-10-05,pattern_chuaner,觀察,2059,川湖,13355.00,0.00,,,,,,,,第1階段漲 133%（06-17→08-18），09-08 跌破 20MA，今日漲停站回,unchecked,,,,,,,,,,,電子零組件,,
2026-10-06T01:25:11+08:00,2026-10-05,pattern_chuaner,觀察,3406,玉晶光,1055.00,0.00,,,,,,,,第1階段漲 158%（07-30→09-11），09-21 跌破 20MA，今日漲停站回,unchecked,,,,,,,,,,,光電,,
2026-10-06T01:25:11+08:00,2026-10-05,pattern_chuaner,觀察,3008,大立光,6730.00,0.00,,,,,,,,第1階段漲 118%（07-30→09-01），09-14 跌破 20MA，今日紅K +7.0%站回,unchecked,,,,,,,,,,,光電,,
2026-10-06T01:25:11+08:00,2026-10-05,pattern_chuaner,觀察,4908,前鼎,234.50,0.00,,,,,,,,第1階段漲 126%（07-30→09-10），09-22 跌破 20MA，今日紅K +4.5%站回,unchecked,,,,,,,,,,,通信網路,,
2026-10-06T01:25:11+08:00,2026-10-05,pattern_chuaner,觀察,5274,信驊,19520.00,0.00,,,,,,,,第1階段漲 84%（07-20→09-22），10-02 跌破 20MA，今日紅K +3.6%站回,unchecked,,,,,,,,,,,半導體,,
2026-10-06T01:25:11+08:00,2026-10-05,pattern_chuaner,觀察,2301,光寶科,298.00,0.00,,,,,,,,第1階段漲 86%（07-29→09-02），09-11 跌破 20MA，今日紅K +5.9%站回,unchecked,,,,,,,,,,,電腦週邊,,
2026-10-06T01:25:11+08:00,2026-10-05,pattern_chuaner,觀察,3693,營邦,689.00,0.00,,,,,,,,第1階段漲 86%（07-29→09-24），10-01 跌破 20MA，今日紅K +3.9%站回,unchecked,,,,,,,,,,,電腦週邊,,
2026-10-06T01:25:11+08:00,2026-10-05,pattern_chuaner,觀察,6640,均華,1165.00,0.00,,,,,,,,第1階段漲 79%（07-30→09-07），09-21 跌破 20MA，今日紅K +3.6%站回,unchecked,,,,,,,,,,,半導體,,
2026-10-06T01:25:11+08:00,2026-10-05,pattern_chuaner,觀察,7750,新代,2070.00,0.00,,,,,,,,第1階段漲 43%（07-20→08-20），09-08 跌破 20MA，今日漲停站回,unchecked,,,,,,,,,,,電機機械,,
2026-10-06T01:25:11+08:00,2026-10-05,pattern_chuaner,觀察,2360,致茂,2325.00,0.00,,,,,,,,第1階段漲 47%（07-14→09-22），09-30 跌破 20MA，今日紅K +6.2%站回,unchecked,,,,,,,,,,,其他電子,,
2026-10-06T01:25:11+08:00,2026-10-05,pattern_chuaner,觀察,2049,上銀,345.50,0.00,,,,,,,,第1階段漲 45%（07-30→08-13），09-14 跌破 20MA，今日紅K +3.9%站回,unchecked,,,,,,,,,,,電機機械,,
2026-10-06T01:25:11+08:00,2026-10-05,pattern_chuaner,觀察,4976,佳凌,37.40,0.00,,,,,,,,第1階段漲 41%（06-11→06-18），09-07 跌破 20MA，今日紅K +3.0%站回,unchecked,,,,,,,,,,,光電,,
2026-10-06T01:25:11+08:00,2026-10-05,pattern_chuaner,觀察,3362,先進光,191.00,0.00,,,,,,,,第1階段漲 36%（06-11→06-18），09-07 跌破 20MA，今日紅K +8.8%站回,unchecked,,,,,,,,,,,光電,,
